23/10/2020,14:30,11 reais
23/10/2020,14:54,11 reais
23/10/2020,14:59,11 reais
23/10/2020,16:02,11 reais
23/10/2020,16:17,11 reais
23/10/2020,16:36,11 reais
23/10/2020,17:05,11 reais
23/10/2020,17:32,11 reais
23/10/2020,17:54,11 reais
23/10/2020,17:54,11 reais
23/10/2020,18:38,60 reais
23/10/2020,21:29,11 reais
23/10/2020,22:06,11 reais
23/10/2020,22:34,11 reais
23/10/2020,23:11,11 reais
24/10/2020,07:40,11 reais
24/10/2020,07:52,13 reais
24/10/2020,07:53,11 reais
24/10/2020,10:04,11 reais
24/10/2020,10:49,11 reais
24/10/2020,11:29,11 reais
24/10/2020,11:47,11 reais
24/10/2020,12:13,11 reais
24/10/2020,12:42,11 reais
24/10/2020,14:17,30 reais
24/10/2020,14:41,11 reais
24/10/2020,14:50,11 reais
24/10/2020,15:12,11 reais
24/10/2020,15:42,13 reais
24/10/2020,16:28,11 reais
24/10/2020,17:01,22 reais
24/10/2020,17:42,11 reais
24/10/2020,18:06,13 reais
24/10/2020,18:07,13 reais
24/10/2020,19:35,13 reais
24/10/2020,20:15,22 reais
24/10/2020,20:43,11 reais
24/10/2020,20:48,11 reais
24/10/2020,21:17,11 reais
24/10/2020,21:52,11 reais
24/10/2020,22:14,22 reais
24/10/2020,22:50,11 reais
24/10/2020,23:11,11 reais
24/10/2020,23:38,25 reais
25/10/2020,00:21,13 reais
25/10/2020,00:39,25 reais
25/10/2020,01:18,13 reais
25/10/2020,01:39,13 reais
25/10/2020,01:57,13 reais
25/10/2020,02:23,13 reais
25/10/2020,02:44,13 reais
25/10/2020,02:59,13 reais
25/10/2020,03:23,13 reais
25/10/2020,03:59,25 reais
25/10/2020,04:54,13 reais
25/10/2020,16:30,11 reais
25/10/2020,16:47,11 reais
25/10/2020,17:04,11 reais
25/10/2020,17:16,22 reais
25/10/2020,17:55,11 reais
25/10/2020,18:14,11 reais
25/10/2020,18:27,13 reais
25/10/2020,18:57,11 reais
25/10/2020,19:19,11 reais
25/10/2020,19:35,13 reais
25/10/2020,20:10,11 reais
25/10/2020,20:29,11 reais
25/10/2020,20:46,11 reais
25/10/2020,21:14,13 reais
25/10/2020,21:56,11 reais
25/10/2020,22:17,11 reais
25/10/2020,22:42,11 reais
25/10/2020,22:56,11 reais
25/10/2020,23:20,11 reais
25/10/2020,23:47,11 reais
26/10/2020,00:02,13 reais
26/10/2020,00:17,13 reais
26/10/2020,00:44,13 reais
26/10/2020,00:54,13 reais
26/10/2020,11:01,11 reais
26/10/2020,11:18,11 reais
26/10/2020,12:13,11 reais
26/10/2020,12:35,11 reais
26/10/2020,13:10,22 reais
26/10/2020,14:38,11 reais
26/10/2020,15:09,11 reais
26/10/2020,15:18,11 reais
26/10/2020,15:41,11 reais
26/10/2020,15:58,11 reais
26/10/2020,17:19,22 reais
26/10/2020,17:44,11 reais
26/10/2020,17:57,11 reais
26/10/2020,18:05,11 reais
26/10/2020,18:58,11 reais
26/10/2020,19:21,11 reais
27/10/2020,18:41,11 reais
27/10/2020,19:29,11 reais
27/10/2020,19:53,11 reais
27/10/2020,21:05,11 reais
28/10/2020,12:43,11 reais
28/10/2020,12:55,11 reais
28/10/2020,13:20,11 reais
28/10/2020,14:06,11 reais
28/10/2020,14:56,11 reais
28/10/2020,16:23,11 reais
28/10/2020,16:42,11 reais
28/10/2020,18:10,11 reais
28/10/2020,18:48,11 reais
28/10/2020,19:34,11 reais
28/10/2020,19:58,11 reais
28/10/2020,20:44,11 reais
28/10/2020,21:12,11 reais
28/10/2020,21:50,11 reais
28/10/2020,22:06,11 reais
28/10/2020,22:38,11 reais
28/10/2020,22:59,11 reais
28/10/2020,23:09,11 reais
28/10/2020,23:44,11 reais
29/10/2020,00:20,13 reais
29/10/2020,00:29,13 reais
29/10/2020,13:37,22 reais
29/10/2020,14:20,11 reais
29/10/2020,15:15,11 reais
29/10/2020,15:51,11 reais
29/10/2020,16:13,11 reais
29/10/2020,16:44,11 reais
29/10/2020,17:28,25 reais
29/10/2020,18:24,22 reais
29/10/2020,21:25,11 reais
29/10/2020,21:37,11 reais
29/10/2020,22:13,11 reais
30/10/2020,12:32,11 reais
30/10/2020,12:56,11 reais
30/10/2020,13:36,11 reais
30/10/2020,15:04,22 reais
30/10/2020,15:33,20 reais
30/10/2020,16:28,11 reais
30/10/2020,17:12,13 reais
30/10/2020,17:41,13 reais
30/10/2020,18:09,11 reais
30/10/2020,18:21,22 reais
30/10/2020,19:13,11 reais
30/10/2020,19:33,11 reais
30/10/2020,19:45,11 reais
30/10/2020,20:27,11 reais
30/10/2020,20:52,11 reais
31/10/2020,09:36,22 reais
31/10/2020,10:27,13 reais
31/10/2020,10:36,11 reais
31/10/2020,11:01,11 reais
31/10/2020,11:42,11 reais
31/10/2020,12:04,11 reais
31/10/2020,12:35,13 reais
31/10/2020,12:51,11 reais
31/10/2020,13:41,11 reais
31/10/2020,14:17,11 reais
31/10/2020,14:37,11 reais
31/10/2020,15:09,11 reais
31/10/2020,15:34,11 reais
31/10/2020,16:37,11 reais
31/10/2020,17:30,20 reais
31/10/2020,17:45,11 reais
31/10/2020,18:06,11 reais
31/10/2020,18:33,35 reais
31/10/2020,18:59,11 reais
31/10/2020,19:15,11 reais
31/10/2020,19:47,11 reais
31/10/2020,20:16,22 reais
31/10/2020,21:14,11 reais
31/10/2020,21:31,25 reais
31/10/2020,22:40,11 reais
31/10/2020,23:08,60 reais
01/11/2020,14:22,22 reais
01/11/2020,14:59,11 reais
01/11/2020,15:19,11 reais
01/11/2020,15:19,11 reais
01/11/2020,15:42,13 reais
01/11/2020,16:38,13 reais
01/11/2020,16:58,11 reais
01/11/2020,17:35,11 reais
01/11/2020,17:59,11 reais
01/11/2020,18:19,11 reais
01/11/2020,19:08,11 reais
01/11/2020,19:21,11 reais
01/11/2020,19:45,11 reais
01/11/2020,20:26,11 reais
01/11/2020,20:39,11 reais
01/11/2020,20:46,11 reais
01/11/2020,21:00,11 reais
01/11/2020,21:15,11 reais
01/11/2020,21:24,11 reais
01/11/2020,21:46,11 reais
01/11/2020,22:33,11 reais
01/11/2020,23:08,11 reais
01/11/2020,23:32,11 reais
01/11/2020,23:43,11 reais
02/11/2020,00:01,11 reais
02/11/2020,00:22,13 reais
02/11/2020,10:57,11 reais
02/11/2020,11:43,13 reais
02/11/2020,12:14,11 reais
02/11/2020,12:37,11 reais
02/11/2020,13:09,11 reais
02/11/2020,13:16,35 reais
02/11/2020,15:33,11 reais
02/11/2020,16:02,50 reais
02/11/2020,17:52,22 reais
02/11/2020,18:36,22 reais
02/11/2020,19:27,11 reais
02/11/2020,19:29,11 reais
02/11/2020,20:44,13 reais
02/11/2020,21:13,11 reais
03/11/2020,11:48,11 reais
03/11/2020,12:15,11 reais
03/11/2020,12:43,13 reais
03/11/2020,13:05,11 reais
03/11/2020,14:04,11 reais
03/11/2020,14:34,11 reais
03/11/2020,15:17,11 reais
03/11/2020,15:50,11 reais
03/11/2020,16:02,11 reais
03/11/2020,16:14,11 reais
03/11/2020,16:48,11 reais
03/11/2020,17:14,22 reais
03/11/2020,17:35,11 reais
03/11/2020,18:23,11 reais
04/11/2020,12:25,11 reais
04/11/2020,12:50,11 reais
04/11/2020,13:40,22 reais
04/11/2020,15:06,22 reais
04/11/2020,15:49,11 reais
04/11/2020,16:06,11 reais
04/11/2020,18:18,11 reais
04/11/2020,18:23,11 reais
04/11/2020,19:07,11 reais
04/11/2020,19:49,11 reais
04/11/2020,21:03,25 reais
04/11/2020,21:59,22 reais
04/11/2020,22:44,11 reais
04/11/2020,23:46,22 reais
05/11/2020,00:15,13 reais
05/11/2020,10:09,11 reais
05/11/2020,11:55,11 reais
05/11/2020,12:04,11 reais
05/11/2020,12:53,11 reais
05/11/2020,13:45,11 reais
05/11/2020,13:53,35 reais
05/11/2020,16:39,11 reais
05/11/2020,16:59,11 reais
05/11/2020,17:01,11 reais
05/11/2020,18:54,11 reais
05/11/2020,19:15,11 reais
05/11/2020,19:51,13 reais
09/11/2020,16:19,11 reais
09/11/2020,17:03,20 reais
09/11/2020,17:34,13 reais
09/11/2020,18:30,30 reais
10/11/2020,10:03,11 reais
10/11/2020,10:36,22 reais
10/11/2020,11:15,20 reais
10/11/2020,11:21,11 reais
10/11/2020,11:40,11 reais
10/11/2020,12:04,11 reais
10/11/2020,12:06,11 reais
10/11/2020,12:31,11 reais
10/11/2020,13:42,11 reais
10/11/2020,14:02,20 reais
10/11/2020,15:38,11 reais
10/11/2020,16:40,20 reais
10/11/2020,17:11,11 reais
10/11/2020,17:31,11 reais
10/11/2020,17:47,11 reais
10/11/2020,18:16,11 reais
10/11/2020,18:44,11 reais
10/11/2020,19:08,11 reais
10/11/2020,20:38,11 reais
10/11/2020,20:53,11 reais
10/11/2020,21:12,11 reais
10/11/2020,21:54,11 reais
10/11/2020,22:18,11 reais
10/11/2020,23:07,20 reais
10/11/2020,23:52,11 reais
11/11/2020,00:09,11 reais
11/11/2020,13:43,11 reais
11/11/2020,17:54,13 reais
11/11/2020,18:39,11 reais
11/11/2020,19:04,11 reais
11/11/2020,19:13,13 reais
11/11/2020,20:00,11 reais
11/11/2020,20:42,13 reais
11/11/2020,21:41,22 reais
12/11/2020,07:13,13 reais
12/11/2020,08:06,11 reais
12/11/2020,08:49,11 reais
12/11/2020,09:51,11 reais
12/11/2020,10:31,11 reais
12/11/2020,11:36,11 reais
12/11/2020,12:26,11 reais
12/11/2020,12:49,22 reais
12/11/2020,13:16,22 reais
12/11/2020,15:23,11 reais
12/11/2020,15:38,11 reais
12/11/2020,16:12,11 reais
12/11/2020,16:21,11 reais
12/11/2020,16:21,11 reais
12/11/2020,17:08,11 reais
12/11/2020,17:30,11 reais
12/11/2020,17:41,11 reais
12/11/2020,18:58,11 reais
12/11/2020,21:04,11 reais
13/11/2020,10:13,11 reais
13/11/2020,11:17,11 reais
13/11/2020,11:37,11 reais
13/11/2020,12:29,10 reais
13/11/2020,12:49,11 reais
13/11/2020,13:19,13 reais
13/11/2020,14:29,11 reais
13/11/2020,15:22,13 reais
13/11/2020,16:13,11 reais
13/11/2020,17:10,22 reais
13/11/2020,17:40,22 reais
13/11/2020,18:21,11 reais
13/11/2020,18:48,11 reais
13/11/2020,19:29,11 reais
13/11/2020,19:52,11 reais
13/11/2020,20:13,11 reais
13/11/2020,20:29,11 reais
13/11/2020,20:48,11 reais
13/11/2020,21:33,11 reais
13/11/2020,21:49,22 reais
13/11/2020,22:22,11 reais
13/11/2020,22:23,11 reais
13/11/2020,23:43,18 reais
14/11/2020,00:05,13 reais
14/11/2020,00:24,25 reais
14/11/2020,00:53,13 reais
14/11/2020,01:12,13 reais
14/11/2020,01:26,20 reais
14/11/2020,01:57,13 reais
14/11/2020,13:09,22 reais
14/11/2020,14:33,11 reais
14/11/2020,14:46,25 reais
14/11/2020,15:50,11 reais
14/11/2020,16:33,11 reais
14/11/2020,16:52,11 reais
14/11/2020,17:22,11 reais
14/11/2020,17:56,11 reais
14/11/2020,18:11,13 reais
14/11/2020,18:30,11 reais
14/11/2020,18:53,22 reais
14/11/2020,19:34,11 reais
14/11/2020,20:18,11 reais
14/11/2020,20:49,11 reais
14/11/2020,21:06,13 reais
14/11/2020,21:44,22 reais
14/11/2020,22:53,11 reais
14/11/2020,23:11,11 reais
14/11/2020,23:28,11 reais
14/11/2020,23:48,13 reais
15/11/2020,00:12,30 reais
15/11/2020,01:04,25 reais
15/11/2020,13:40,11 reais
15/11/2020,14:01,11 reais
15/11/2020,14:17,11 reais
15/11/2020,14:31,35 reais
15/11/2020,15:21,11 reais
15/11/2020,15:45,11 reais
15/11/2020,16:03,11 reais
15/11/2020,16:11,25 reais
15/11/2020,17:23,11 reais
15/11/2020,17:53,13 reais
15/11/2020,18:15,11 reais
15/11/2020,18:35,11 reais
15/11/2020,18:52,13 reais
15/11/2020,19:12,11 reais
15/11/2020,19:35,11 reais
15/11/2020,20:05,11 reais
15/11/2020,20:25,11 reais
15/11/2020,20:51,11 reais
15/11/2020,21:10,11 reais
15/11/2020,21:42,11 reais
15/11/2020,22:11,22 reais
15/11/2020,22:50,11 reais
15/11/2020,23:05,11 reais
15/11/2020,23:25,11 reais
15/11/2020,23:44,25 reais
16/11/2020,00:19,13 reais
16/11/2020,00:34,13 reais
16/11/2020,00:53,13 reais
16/11/2020,01:04,13 reais
16/11/2020,01:24,11 reais
16/11/2020,12:22,11 reais
16/11/2020,12:58,11 reais
16/11/2020,13:11,13 reais
16/11/2020,14:48,11 reais
16/11/2020,15:13,11 reais
16/11/2020,15:26,11 reais
16/11/2020,15:49,11 reais
16/11/2020,16:20,11 reais
16/11/2020,17:20,30 reais
16/11/2020,17:31,11 reais
16/11/2020,18:00,11 reais
16/11/2020,18:03,13 reais
16/11/2020,18:03,11 reais
16/11/2020,19:10,11 reais
16/11/2020,20:07,11 reais
16/11/2020,20:28,11 reais
16/11/2020,20:36,11 reais
16/11/2020,21:04,11 reais
17/11/2020,11:08,80 reais
17/11/2020,16:14,11 reais
17/11/2020,16:53,11 reais
17/11/2020,17:00,11 reais
17/11/2020,18:56,11 reais
17/11/2020,19:39,11 reais
17/11/2020,20:37,11 reais
17/11/2020,21:26,11 reais
17/11/2020,22:10,11 reais
18/11/2020,09:51,11 reais
18/11/2020,09:54,11 reais
18/11/2020,10:11,11 reais
18/11/2020,10:58,11 reais
18/11/2020,11:15,11 reais
18/11/2020,11:36,11 reais
18/11/2020,12:08,11 reais
18/11/2020,14:17,11 reais
18/11/2020,14:38,11 reais
18/11/2020,15:25,11 reais
18/11/2020,15:56,11 reais
18/11/2020,17:15,22 reais
18/11/2020,18:14,11 reais
18/11/2020,18:34,11 reais
18/11/2020,19:02,11 reais
18/11/2020,19:24,11 reais
18/11/2020,19:26,11 reais
18/11/2020,20:36,11 reais
18/11/2020,21:00,11 reais
18/11/2020,21:19,11 reais
18/11/2020,22:22,11 reais
19/11/2020,15:38,11 reais
19/11/2020,16:01,11 reais
19/11/2020,17:05,13 reais
19/11/2020,17:22,11 reais
19/11/2020,17:57,11 reais
19/11/2020,18:38,11 reais
19/11/2020,19:11,11 reais
19/11/2020,19:24,11 reais
19/11/2020,20:19,11 reais
19/11/2020,20:52,11 reais
19/11/2020,21:55,11 reais
19/11/2020,22:09,11 reais
19/11/2020,22:46,11 reais
19/11/2020,23:37,11 reais
20/11/2020,10:50,22 reais
20/11/2020,11:16,11 reais
20/11/2020,11:54,11 reais
20/11/2020,12:05,11 reais
20/11/2020,12:22,11 reais
20/11/2020,13:00,11 reais
20/11/2020,13:52,11 reais
20/11/2020,14:44,35 reais
20/11/2020,14:57,11 reais
20/11/2020,15:12,13 reais
20/11/2020,15:52,11 reais
20/11/2020,16:38,11 reais
20/11/2020,17:24,11 reais
20/11/2020,17:54,11 reais
20/11/2020,18:39,11 reais
20/11/2020,18:52,11 reais
20/11/2020,18:52,11 reais
20/11/2020,19:25,11 reais
20/11/2020,19:37,11 reais
20/11/2020,20:04,11 reais
20/11/2020,20:26,11 reais
20/11/2020,21:25,22 reais
20/11/2020,21:53,11 reais
20/11/2020,22:30,11 reais
20/11/2020,23:40,11 reais
21/11/2020,00:17,13 reais
21/11/2020,00:29,13 reais
21/11/2020,00:52,13 reais
21/11/2020,01:06,13 reais
21/11/2020,01:16,13 reais
21/11/2020,01:32,13 reais
21/11/2020,02:00,13 reais
21/11/2020,14:23,11 reais
21/11/2020,14:52,11 reais
21/11/2020,15:24,11 reais
21/11/2020,16:02,11 reais
21/11/2020,16:20,11 reais
21/11/2020,16:35,11 reais
21/11/2020,17:24,20 reais
21/11/2020,18:01,22 reais
21/11/2020,18:56,11 reais
21/11/2020,19:25,11 reais
21/11/2020,19:44,11 reais
21/11/2020,20:00,11 reais
21/11/2020,20:19,30 reais
21/11/2020,21:16,13 reais
21/11/2020,21:30,11 reais
21/11/2020,22:06,11 reais
21/11/2020,22:55,60 reais
22/11/2020,00:24,25 reais
22/11/2020,00:47,13 reais
22/11/2020,01:16,13 reais
22/11/2020,01:33,18 reais
22/11/2020,02:32,13 reais
22/11/2020,14:59,22 reais
22/11/2020,15:27,11 reais
22/11/2020,15:36,11 reais
22/11/2020,15:57,11 reais
22/11/2020,16:10,11 reais
22/11/2020,16:36,11 reais
22/11/2020,17:24,22 reais
22/11/2020,17:50,11 reais
22/11/2020,18:19,22 reais
22/11/2020,18:59,13 reais
22/11/2020,19:35,11 reais
22/11/2020,19:50,11 reais
22/11/2020,20:05,11 reais
22/11/2020,20:25,11 reais
22/11/2020,20:52,11 reais
22/11/2020,20:59,11 reais
22/11/2020,21:41,13 reais
22/11/2020,22:05,11 reais
22/11/2020,22:11,11 reais
22/11/2020,22:20,11 reais
22/11/2020,22:54,11 reais
22/11/2020,23:08,11 reais
22/11/2020,23:21,11 reais
22/11/2020,23:34,11 reais
22/11/2020,23:55,11 reais
23/11/2020,00:14,13 reais
23/11/2020,00:48,13 reais
23/11/2020,12:53,11 reais
23/11/2020,12:56,11 reais
23/11/2020,13:15,11 reais
23/11/2020,13:25,11 reais
23/11/2020,13:42,11 reais
23/11/2020,15:17,11 reais
23/11/2020,15:37,11 reais
23/11/2020,15:51,11 reais
23/11/2020,16:38,13 reais
23/11/2020,16:56,13 reais
23/11/2020,17:20,25 reais
23/11/2020,18:41,11 reais
23/11/2020,19:02,11 reais
23/11/2020,19:41,11 reais
23/11/2020,20:02,11 reais
23/11/2020,21:44,11 reais
23/11/2020,22:41,13 reais
23/11/2020,23:18,13 reais
23/11/2020,23:33,11 reais
25/11/2020,08:08,11 reais
25/11/2020,09:05,11 reais
25/11/2020,09:30,11 reais
25/11/2020,10:12,11 reais
25/11/2020,11:39,11 reais
25/11/2020,12:23,10 reais
25/11/2020,12:37,30 reais
25/11/2020,14:39,11 reais
25/11/2020,14:58,11 reais
25/11/2020,15:21,22 reais
25/11/2020,16:29,11 reais
25/11/2020,16:29,11 reais
25/11/2020,16:56,11 reais
25/11/2020,17:45,11 reais
25/11/2020,19:02,11 reais
25/11/2020,20:01,11 reais
25/11/2020,20:38,11 reais
25/11/2020,20:57,11 reais
25/11/2020,21:50,11 reais
25/11/2020,22:11,11 reais
25/11/2020,22:39,11 reais
26/11/2020,10:53,11 reais
26/11/2020,11:16,11 reais
26/11/2020,11:38,11 reais
26/11/2020,12:07,22 reais
26/11/2020,13:28,11 reais
26/11/2020,15:14,11 reais
26/11/2020,15:37,11 reais
26/11/2020,17:40,50 reais
26/11/2020,18:32,11 reais
26/11/2020,19:14,11 reais
26/11/2020,21:14,11 reais
26/11/2020,21:52,11 reais
26/11/2020,22:45,25 reais
27/11/2020,14:31,13 reais
27/11/2020,15:19,11 reais
27/11/2020,15:49,11 reais
27/11/2020,16:30,11 reais
27/11/2020,17:08,11 reais
27/11/2020,17:28,11 reais
27/11/2020,17:34,11 reais
27/11/2020,17:38,11 reais
27/11/2020,18:19,11 reais
27/11/2020,19:10,11 reais
27/11/2020,19:22,11 reais
27/11/2020,19:39,11 reais
27/11/2020,20:15,11 reais
27/11/2020,20:52,11 reais
27/11/2020,21:18,11 reais
27/11/2020,21:44,22 reais
27/11/2020,22:54,15 reais
27/11/2020,23:37,13 reais
28/11/2020,00:00,13 reais
28/11/2020,00:41,13 reais
28/11/2020,01:01,13 reais
28/11/2020,01:26,13 reais
28/11/2020,01:27,10 reais
28/11/2020,01:27,10 reais
28/11/2020,01:32,13 reais
28/11/2020,01:44,13 reais
28/11/2020,02:03,13 reais
28/11/2020,02:21,13 reais
28/11/2020,02:31,13 reais
28/11/2020,03:00,13 reais
28/11/2020,12:03,11 reais
28/11/2020,12:30,11 reais
28/11/2020,12:50,11 reais
28/11/2020,13:29,11 reais
28/11/2020,14:03,11 reais
28/11/2020,14:29,11 reais
28/11/2020,14:40,11 reais
28/11/2020,15:01,11 reais
28/11/2020,15:33,22 reais
28/11/2020,16:04,13 reais
28/11/2020,16:27,13 reais
28/11/2020,16:49,13 reais
28/11/2020,17:10,11 reais
28/11/2020,17:24,11 reais
28/11/2020,17:33,22 reais
28/11/2020,18:54,11 reais
28/11/2020,20:23,30 reais
28/11/2020,20:34,30 reais
28/11/2020,21:49,11 reais
28/11/2020,22:08,60 reais
28/11/2020,23:42,22 reais
29/11/2020,00:22,80 reais
29/11/2020,01:32,13 reais
29/11/2020,01:51,13 reais
29/11/2020,02:14,13 reais
29/11/2020,03:06,13 reais
29/11/2020,03:50,25 reais
29/11/2020,04:21,25 reais
29/11/2020,14:54,22 reais
29/11/2020,15:35,18 reais
29/11/2020,16:25,10 reais
29/11/2020,16:47,11 reais
29/11/2020,17:12,50 reais
29/11/2020,18:22,22 reais
29/11/2020,19:15,25 reais
29/11/2020,19:45,13 reais
29/11/2020,20:33,44 reais
29/11/2020,21:16,11 reais
29/11/2020,21:49,11 reais
29/11/2020,21:55,11 reais
29/11/2020,22:14,80 reais
30/11/2020,08:13,11 reais
30/11/2020,08:31,11 reais
30/11/2020,08:54,11 reais
30/11/2020,09:36,22 reais
30/11/2020,09:59,10 reais
30/11/2020,11:49,50 reais
30/11/2020,14:01,11 reais
30/11/2020,14:22,35 reais
30/11/2020,16:16,80 reais
30/11/2020,19:54,11 reais
01/12/2020,06:21,11 reais
01/12/2020,07:00,11 reais
01/12/2020,07:54,11 reais
01/12/2020,08:28,13 reais
01/12/2020,09:20,11 reais
01/12/2020,09:22,10 reais
01/12/2020,10:35,22 reais
01/12/2020,11:49,10 reais
01/12/2020,11:49,11 reais
01/12/2020,16:08,11 reais
01/12/2020,16:50,11 reais
01/12/2020,17:12,11 reais
01/12/2020,17:38,11 reais
01/12/2020,18:02,11 reais
01/12/2020,19:24,11 reais
01/12/2020,19:46,11 reais
01/12/2020,20:09,11 reais
01/12/2020,20:27,11 reais
01/12/2020,20:55,11 reais
01/12/2020,21:10,22 reais
02/12/2020,16:25,11 reais
02/12/2020,16:32,11 reais
02/12/2020,17:05,11 reais
02/12/2020,17:29,11 reais
02/12/2020,17:38,11 reais
02/12/2020,18:17,11 reais
02/12/2020,18:58,11 reais
02/12/2020,19:22,11 reais
02/12/2020,19:47,11 reais
02/12/2020,20:05,11 reais
02/12/2020,20:31,11 reais
02/12/2020,21:00,11 reais
02/12/2020,21:30,25 reais
02/12/2020,22:20,11 reais
02/12/2020,22:42,11 reais
02/12/2020,22:58,11 reais
02/12/2020,23:53,11 reais
03/12/2020,17:42,11 reais
03/12/2020,18:15,11 reais
03/12/2020,18:34,22 reais
03/12/2020,19:03,11 reais
03/12/2020,19:29,11 reais
03/12/2020,19:42,11 reais
03/12/2020,20:20,11 reais
03/12/2020,21:10,22 reais
03/12/2020,21:54,25 reais
04/12/2020,08:26,11 reais
04/12/2020,08:44,22 reais
04/12/2020,09:59,11 reais
04/12/2020,10:24,11 reais
04/12/2020,10:58,11 reais
04/12/2020,11:14,22 reais
04/12/2020,12:04,11 reais
04/12/2020,12:22,11 reais
04/12/2020,12:42,11 reais
04/12/2020,12:56,11 reais
04/12/2020,13:14,11 reais
04/12/2020,13:37,11 reais
04/12/2020,14:41,11 reais
04/12/2020,15:19,11 reais
04/12/2020,16:05,11 reais
04/12/2020,16:18,11 reais
04/12/2020,16:53,11 reais
04/12/2020,17:14,11 reais
04/12/2020,18:47,11 reais
04/12/2020,19:09,13 reais
04/12/2020,19:47,11 reais
04/12/2020,20:02,11 reais
04/12/2020,20:31,11 reais
04/12/2020,20:47,25 reais
04/12/2020,21:42,22 reais
04/12/2020,22:28,11 reais
04/12/2020,22:48,11 reais
04/12/2020,23:33,11 reais
04/12/2020,23:36,11 reais
04/12/2020,23:49,11 reais
05/12/2020,00:03,13 reais
05/12/2020,00:24,13 reais
05/12/2020,00:47,30 reais
05/12/2020,13:47,13 reais
05/12/2020,14:10,11 reais
05/12/2020,15:33,11 reais
05/12/2020,15:51,11 reais
05/12/2020,16:18,11 reais
05/12/2020,16:43,11 reais
05/12/2020,17:17,11 reais
05/12/2020,17:40,11 reais
05/12/2020,17:58,11 reais
05/12/2020,18:50,25 reais
05/12/2020,19:39,11 reais
05/12/2020,19:57,11 reais
05/12/2020,20:13,11 reais
05/12/2020,20:23,11 reais
05/12/2020,21:00,11 reais
05/12/2020,21:22,11 reais
05/12/2020,22:21,11 reais
05/12/2020,22:45,11 reais
05/12/2020,22:59,11 reais
05/12/2020,23:09,11 reais
05/12/2020,23:35,11 reais
06/12/2020,00:00,13 reais
06/12/2020,00:15,13 reais
06/12/2020,00:50,13 reais
06/12/2020,10:02,11 reais
06/12/2020,10:39,35 reais
06/12/2020,10:46,11 reais
06/12/2020,11:49,11 reais
06/12/2020,12:10,11 reais
06/12/2020,12:22,13 reais
06/12/2020,12:55,11 reais
06/12/2020,13:37,13 reais
06/12/2020,15:19,25 reais
06/12/2020,16:09,22 reais
06/12/2020,16:36,13 reais
06/12/2020,17:03,13 reais
06/12/2020,17:34,11 reais
06/12/2020,17:50,11 reais
06/12/2020,18:33,10 reais
06/12/2020,18:34,11 reais
06/12/2020,18:54,11 reais
06/12/2020,19:24,11 reais
06/12/2020,19:37,30 reais
06/12/2020,20:29,11 reais
06/12/2020,20:45,11 reais
06/12/2020,21:03,11 reais
06/12/2020,22:05,11 reais
06/12/2020,22:23,11 reais
06/12/2020,22:39,11 reais
06/12/2020,23:16,11 reais
07/12/2020,09:40,11 reais
07/12/2020,10:16,11 reais
07/12/2020,10:42,11 reais
07/12/2020,10:56,20 reais
07/12/2020,11:23,11 reais
07/12/2020,11:38,11 reais
07/12/2020,11:58,13 reais
07/12/2020,12:44,11 reais
07/12/2020,13:08,11 reais
07/12/2020,15:12,11 reais
07/12/2020,15:41,11 reais
07/12/2020,16:03,11 reais
07/12/2020,16:12,11 reais
07/12/2020,16:38,11 reais
07/12/2020,16:59,20 reais
07/12/2020,17:33,11 reais
07/12/2020,18:47,11 reais
07/12/2020,19:05,11 reais
07/12/2020,19:30,11 reais
08/12/2020,10:26,10 reais
08/12/2020,11:14,11 reais
08/12/2020,11:40,11 reais
08/12/2020,12:02,10 reais
08/12/2020,12:17,11 reais
08/12/2020,12:38,11 reais
08/12/2020,14:11,11 reais
08/12/2020,15:06,11 reais
08/12/2020,15:43,11 reais
08/12/2020,16:07,25 reais
08/12/2020,17:36,11 reais
08/12/2020,18:58,11 reais
08/12/2020,19:39,11 reais
08/12/2020,19:59,11 reais
08/12/2020,20:41,11 reais
08/12/2020,21:41,22 reais
08/12/2020,21:57,11 reais
09/12/2020,13:55,22 reais
09/12/2020,13:56,22 reais
09/12/2020,15:19,11 reais
09/12/2020,15:45,13 reais
09/12/2020,17:38,11 reais
09/12/2020,18:01,11 reais
09/12/2020,18:17,11 reais
09/12/2020,18:45,11 reais
09/12/2020,18:56,11 reais
09/12/2020,19:19,11 reais
09/12/2020,19:42,11 reais
09/12/2020,20:08,11 reais
09/12/2020,20:10,11 reais
09/12/2020,20:34,11 reais
09/12/2020,21:09,11 reais
09/12/2020,21:23,13 reais
09/12/2020,21:54,11 reais
09/12/2020,22:11,11 reais
09/12/2020,22:32,13 reais
09/12/2020,22:52,11 reais
09/12/2020,23:12,11 reais
09/12/2020,23:35,11 reais
10/12/2020,13:20,11 reais
10/12/2020,14:12,11 reais
10/12/2020,16:57,11 reais
10/12/2020,17:33,11 reais
10/12/2020,17:57,11 reais
10/12/2020,18:51,22 reais
10/12/2020,19:30,60 reais
10/12/2020,20:47,11 reais
11/12/2020,10:23,22 reais
11/12/2020,10:58,11 reais
11/12/2020,12:02,11 reais
11/12/2020,13:08,10 reais
11/12/2020,14:20,11 reais
11/12/2020,14:32,11 reais
11/12/2020,15:11,13 reais
11/12/2020,15:44,11 reais
11/12/2020,16:15,11 reais
11/12/2020,16:34,11 reais
11/12/2020,17:03,11 reais
11/12/2020,17:38,10 reais
11/12/2020,17:59,11 reais
11/12/2020,18:45,22 reais
11/12/2020,20:17,30 reais
11/12/2020,20:48,11 reais
11/12/2020,21:00,11 reais
11/12/2020,21:18,13 reais
11/12/2020,22:21,22 reais
11/12/2020,22:45,13 reais
11/12/2020,23:22,13 reais
11/12/2020,23:40,11 reais
12/12/2020,00:47,13 reais
12/12/2020,09:46,11 reais
12/12/2020,10:57,20 reais
12/12/2020,10:59,11 reais
12/12/2020,11:18,11 reais
12/12/2020,12:00,13 reais
12/12/2020,12:45,11 reais
12/12/2020,13:22,11 reais
12/12/2020,14:13,20 reais
12/12/2020,14:43,25 reais
12/12/2020,15:10,11 reais
12/12/2020,16:05,30 reais
12/12/2020,17:19,11 reais
12/12/2020,18:18,11 reais
12/12/2020,18:58,11 reais
12/12/2020,19:18,22 reais
12/12/2020,20:03,11 reais
12/12/2020,20:20,25 reais
12/12/2020,20:21,11 reais
12/12/2020,20:37,13 reais
12/12/2020,20:54,11 reais
12/12/2020,21:33,11 reais
12/12/2020,23:26,11 reais
13/12/2020,00:01,40 reais
13/12/2020,02:06,40 reais
13/12/2020,02:13,13 reais
13/12/2020,02:39,25 reais
13/12/2020,15:16,11 reais
13/12/2020,15:39,11 reais
13/12/2020,15:52,11 reais
13/12/2020,16:15,11 reais
13/12/2020,16:30,11 reais
13/12/2020,16:43,25 reais
13/12/2020,17:34,11 reais
13/12/2020,18:09,13 reais
13/12/2020,18:59,11 reais
13/12/2020,19:29,11 reais
13/12/2020,19:55,11 reais
13/12/2020,20:10,11 reais
13/12/2020,20:30,11 reais
13/12/2020,20:53,11 reais
13/12/2020,21:00,11 reais
13/12/2020,21:06,11 reais
13/12/2020,21:50,25 reais
13/12/2020,22:10,11 reais
13/12/2020,22:52,11 reais
13/12/2020,23:27,11 reais
13/12/2020,23:53,30 reais
15/12/2020,17:01,11 reais
15/12/2020,17:29,11 reais
15/12/2020,17:56,11 reais
15/12/2020,18:22,11 reais
15/12/2020,18:48,22 reais
15/12/2020,19:35,11 reais
15/12/2020,20:02,11 reais
15/12/2020,20:51,11 reais
15/12/2020,21:26,11 reais
15/12/2020,22:12,11 reais
15/12/2020,23:09,11 reais
16/12/2020,09:18,11 reais
16/12/2020,10:10,11 reais
16/12/2020,10:49,11 reais
16/12/2020,11:40,11 reais
16/12/2020,12:33,11 reais
16/12/2020,13:05,11 reais
16/12/2020,14:20,11 reais
16/12/2020,14:58,11 reais
16/12/2020,15:23,11 reais
16/12/2020,15:31,11 reais
16/12/2020,16:43,22 reais
16/12/2020,16:44,11 reais
16/12/2020,17:08,11 reais
16/12/2020,17:53,22 reais
16/12/2020,18:42,15 reais
16/12/2020,19:20,13 reais
16/12/2020,20:53,11 reais
16/12/2020,21:01,11 reais
16/12/2020,21:28,11 reais
16/12/2020,21:40,11 reais
16/12/2020,22:05,11 reais
17/12/2020,10:35,11 reais
17/12/2020,11:25,11 reais
17/12/2020,12:40,11 reais
17/12/2020,13:09,11 reais
17/12/2020,14:02,11 reais
17/12/2020,14:57,11 reais
17/12/2020,15:53,11 reais
17/12/2020,16:14,11 reais
17/12/2020,16:42,11 reais
17/12/2020,17:53,11 reais
17/12/2020,18:37,11 reais
17/12/2020,19:08,11 reais
17/12/2020,19:20,11 reais
17/12/2020,20:27,22 reais
17/12/2020,21:12,11 reais
17/12/2020,21:42,11 reais
18/12/2020,12:07,11 reais
18/12/2020,12:40,11 reais
18/12/2020,13:27,22 reais
18/12/2020,14:44,11 reais
18/12/2020,15:31,11 reais
18/12/2020,15:56,11 reais
18/12/2020,16:40,11 reais
18/12/2020,17:06,11 reais
18/12/2020,17:46,11 reais
18/12/2020,18:09,11 reais
18/12/2020,19:11,13 reais
18/12/2020,19:22,11 reais
18/12/2020,20:01,11 reais
18/12/2020,20:23,11 reais
18/12/2020,20:50,11 reais
18/12/2020,21:24,11 reais
18/12/2020,21:47,11 reais
18/12/2020,22:07,11 reais
18/12/2020,22:42,11 reais
18/12/2020,22:59,11 reais
18/12/2020,23:43,11 reais
19/12/2020,18:16,300 reais
19/12/2020,19:39,11 reais
19/12/2020,19:46,30 reais
19/12/2020,20:49,13 reais
19/12/2020,21:15,13 reais
19/12/2020,21:38,11 reais
19/12/2020,21:53,11 reais
19/12/2020,22:33,11 reais
19/12/2020,22:56,11 reais
19/12/2020,23:20,11 reais
20/12/2020,00:07,80 reais
20/12/2020,14:16,11 reais
20/12/2020,14:48,22 reais
20/12/2020,15:36,11 reais
20/12/2020,16:02,22 reais
20/12/2020,16:38,11 reais
20/12/2020,17:16,25 reais
20/12/2020,17:52,50 reais
20/12/2020,18:43,13 reais
20/12/2020,19:17,22 reais
20/12/2020,19:30,22 reais
20/12/2020,20:20,11 reais
20/12/2020,20:41,22 reais
20/12/2020,21:03,11 reais
20/12/2020,21:33,22 reais
20/12/2020,22:09,22 reais
20/12/2020,22:36,11 reais
20/12/2020,22:58,11 reais
20/12/2020,23:05,11 reais
20/12/2020,23:23,11 reais
20/12/2020,23:32,22 reais
21/12/2020,00:12,11 reais
21/12/2020,00:36,13 reais
21/12/2020,00:40,13 reais
21/12/2020,16:28,11 reais
21/12/2020,16:50,11 reais
21/12/2020,17:20,11 reais
21/12/2020,17:48,11 reais
21/12/2020,18:08,11 reais
21/12/2020,18:23,11 reais
21/12/2020,19:02,11 reais
21/12/2020,19:23,11 reais
21/12/2020,20:18,11 reais
21/12/2020,21:01,11 reais
21/12/2020,21:51,11 reais
22/12/2020,08:21,11 reais
22/12/2020,08:51,11 reais
22/12/2020,09:44,11 reais
22/12/2020,10:08,10 reais
22/12/2020,10:30,11 reais
22/12/2020,10:54,13 reais
22/12/2020,11:13,11 reais
22/12/2020,11:31,10 reais
22/12/2020,12:55,11 reais
22/12/2020,13:16,13 reais
22/12/2020,13:29,22 reais
22/12/2020,14:15,11 reais
22/12/2020,14:20,11 reais
22/12/2020,14:47,11 reais
22/12/2020,15:04,11 reais
22/12/2020,16:35,11 reais
22/12/2020,16:56,11 reais
22/12/2020,16:58,11 reais
22/12/2020,17:20,11 reais
22/12/2020,18:01,11 reais
22/12/2020,18:02,11 reais
22/12/2020,18:29,11 reais
22/12/2020,18:49,11 reais
22/12/2020,19:26,11 reais
22/12/2020,20:26,11 reais
22/12/2020,21:08,11 reais
22/12/2020,21:48,11 reais
23/12/2020,08:24,13 reais
23/12/2020,09:23,13 reais
23/12/2020,10:12,11 reais
23/12/2020,11:43,11 reais
23/12/2020,12:07,22 reais
23/12/2020,12:24,35 reais
23/12/2020,13:43,11 reais
23/12/2020,14:42,11 reais
23/12/2020,15:02,11 reais
23/12/2020,15:28,11 reais
23/12/2020,16:03,11 reais
23/12/2020,16:46,11 reais
23/12/2020,16:53,9 reais
23/12/2020,17:36,11 reais
23/12/2020,18:00,11 reais
23/12/2020,18:37,11 reais
23/12/2020,18:59,11 reais
23/12/2020,19:35,11 reais
23/12/2020,19:52,11 reais
23/12/2020,20:12,11 reais
23/12/2020,20:35,11 reais
23/12/2020,20:57,11 reais
23/12/2020,21:21,11 reais
24/12/2020,07:43,11 reais
24/12/2020,07:45,11 reais
24/12/2020,08:25,11 reais
24/12/2020,08:52,11 reais
24/12/2020,09:16,11 reais
24/12/2020,09:55,11 reais
24/12/2020,10:02,30 reais
24/12/2020,11:48,11 reais
24/12/2020,12:10,11 reais
24/12/2020,12:31,11 reais
24/12/2020,12:52,22 reais
24/12/2020,13:35,11 reais
24/12/2020,13:58,11 reais
24/12/2020,14:23,11 reais
24/12/2020,14:33,11 reais
24/12/2020,14:52,11 reais
24/12/2020,15:57,11 reais
24/12/2020,16:26,11 reais
24/12/2020,17:12,11 reais
24/12/2020,17:18,11 reais
24/12/2020,17:39,11 reais
24/12/2020,19:07,30 reais
24/12/2020,19:32,11 reais
24/12/2020,20:38,48 reais
24/12/2020,21:02,13 reais
24/12/2020,21:22,11 reais
24/12/2020,21:47,11 reais
24/12/2020,22:03,11 reais
24/12/2020,22:41,11 reais
24/12/2020,22:43,11 reais
24/12/2020,23:01,11 reais
24/12/2020,23:27,11 reais
24/12/2020,23:56,22 reais
25/12/2020,00:18,13 reais
25/12/2020,00:52,13 reais
25/12/2020,01:05,13 reais
25/12/2020,01:19,13 reais
25/12/2020,01:48,13 reais
25/12/2020,01:53,13 reais
25/12/2020,02:15,13 reais
25/12/2020,02:32,13 reais
25/12/2020,03:00,13 reais
25/12/2020,17:34,11 reais
25/12/2020,17:56,11 reais
25/12/2020,18:23,11 reais
25/12/2020,18:51,22 reais
25/12/2020,19:26,13 reais
25/12/2020,19:53,11 reais
25/12/2020,20:08,11 reais
25/12/2020,20:28,11 reais
25/12/2020,20:47,11 reais
25/12/2020,21:11,11 reais
25/12/2020,21:40,11 reais
26/12/2020,11:16,15 reais
26/12/2020,11:50,11 reais
26/12/2020,12:08,11 reais
26/12/2020,12:35,11 reais
26/12/2020,13:19,11 reais
26/12/2020,14:06,11 reais
26/12/2020,14:43,11 reais
26/12/2020,14:51,22 reais
26/12/2020,15:42,13 reais
26/12/2020,16:23,11 reais
26/12/2020,16:38,11 reais
26/12/2020,17:01,11 reais
26/12/2020,17:45,11 reais
26/12/2020,18:03,11 reais
26/12/2020,18:20,11 reais
26/12/2020,19:06,25 reais
26/12/2020,19:47,11 reais
26/12/2020,20:49,22 reais
26/12/2020,21:14,11 reais
26/12/2020,22:04,11 reais
26/12/2020,22:23,11 reais
26/12/2020,22:38,11 reais
26/12/2020,22:51,11 reais
26/12/2020,23:06,11 reais
26/12/2020,23:17,11 reais
26/12/2020,23:36,11 reais
26/12/2020,23:55,11 reais
27/12/2020,00:17,13 reais
27/12/2020,00:46,13 reais
27/12/2020,01:13,13 reais
27/12/2020,01:32,13 reais
27/12/2020,11:31,13 reais
27/12/2020,12:01,13 reais
27/12/2020,12:27,11 reais
27/12/2020,12:37,11 reais
27/12/2020,13:04,11 reais
27/12/2020,13:20,11 reais
27/12/2020,13:33,20 reais
27/12/2020,17:10,11 reais
27/12/2020,17:32,25 reais
27/12/2020,18:29,11 reais
27/12/2020,18:48,11 reais
27/12/2020,19:17,11 reais
27/12/2020,19:37,11 reais
